C:\1jan2019pranitlenovo\data\mtechparul\final year dissertation\data\24oct19\phase2\training\IMG\salientimg0.jpg,0,0,0,1.18E-06
C:\1jan2019pranitlenovo\data\mtechparul\final year dissertation\data\24oct19\phase2\training\IMG\salientimg1.jpg,0,0,0,2.71E-06
C:\1jan2019pranitlenovo\data\mtechparul\final year dissertation\data\24oct19\phase2\training\IMG\salientimg2.jpg,0,0,0,1.26E-06
C:\1jan2019pranitlenovo\data\mtechparul\final year dissertation\data\24oct19\phase2\training\IMG\salientimg3.jpg,0,0,0,5.57E-06
C:\1jan2019pranitlenovo\data\mtechparul\final year dissertation\data\24oct19\phase2\training\IMG\salientimg4.jpg,0,0,0,5.18E-07
C:\1jan2019pranitlenovo\data\mtechparul\final year dissertation\data\24oct19\phase2\training\IMG\salientimg5.jpg,0,0,0,2.28E-06
C:\1jan2019pranitlenovo\data\mtechparul\final year dissertation\data\24oct19\phase2\training\IMG\salientimg6.jpg,0,0,0,2.28E-06
C:\1jan2019pranitlenovo\data\mtechparul\final year dissertation\data\24oct19\phase2\training\IMG\salientimg7.jpg,0,0,0,4.98E-06
C:\1jan2019pranitlenovo\data\mtechparul\final year dissertation\data\24oct19\phase2\training\IMG\salientimg8.jpg,0,0,0,8.67E-06
C:\1jan2019pranitlenovo\data\mtechparul\final year dissertation\data\24oct19\phase2\training\IMG\salientimg9.jpg,0,0,0,2.05E-06
C:\1jan2019pranitlenovo\data\mtechparul\final year dissertation\data\24oct19\phase2\training\IMG\salientimg10.jpg,0,0,0,1.04E-06
C:\1jan2019pranitlenovo\data\mtechparul\final year dissertation\data\24oct19\phase2\training\IMG\salientimg11.jpg,0,0,0,4.91E-06
C:\1jan2019pranitlenovo\data\mtechparul\final year dissertation\data\24oct19\phase2\training\IMG\salientimg12.jpg,0,0,0,2.25E-06
C:\1jan2019pranitlenovo\data\mtechparul\final year dissertation\data\24oct19\phase2\training\IMG\salientimg13.jpg,0,0,0,1.32E-06
C:\1jan2019pranitlenovo\data\mtechparul\final year dissertation\data\24oct19\phase2\training\IMG\salientimg14.jpg,0,0,0,1.52E-06
C:\1jan2019pranitlenovo\data\mtechparul\final year dissertation\data\24oct19\phase2\training\IMG\salientimg15.jpg,0,0,0,1.46E-06
C:\1jan2019pranitlenovo\data\mtechparul\final year dissertation\data\24oct19\phase2\training\IMG\salientimg16.jpg,0,0,0,2.06E-05
C:\1jan2019pranitlenovo\data\mtechparul\final year dissertation\data\24oct19\phase2\training\IMG\salientimg17.jpg,0,0,0,9.84E-06
C:\1jan2019pranitlenovo\data\mtechparul\final year dissertation\data\24oct19\phase2\training\IMG\salientimg18.jpg,0,0,0,4.89E-06
C:\1jan2019pranitlenovo\data\mtechparul\final year dissertation\data\24oct19\phase2\training\IMG\salientimg19.jpg,0,0,0,2.26E-06
C:\1jan2019pranitlenovo\data\mtechparul\final year dissertation\data\24oct19\phase2\training\IMG\salientimg20.jpg,0,0,0,6.11E-06
C:\1jan2019pranitlenovo\data\mtechparul\final year dissertation\data\24oct19\phase2\training\IMG\salientimg21.jpg,0,0,0,4.42E-06
C:\1jan2019pranitlenovo\data\mtechparul\final year dissertation\data\24oct19\phase2\training\IMG\salientimg22.jpg,0,0,0,6.13E-06
C:\1jan2019pranitlenovo\data\mtechparul\final year dissertation\data\24oct19\phase2\training\IMG\salientimg23.jpg,0,0,0,5.03E-06
C:\1jan2019pranitlenovo\data\mtechparul\final year dissertation\data\24oct19\phase2\training\IMG\salientimg24.jpg,0,0,0,2.39E-06
C:\1jan2019pranitlenovo\data\mtechparul\final year dissertation\data\24oct19\phase2\training\IMG\salientimg25.jpg,0,0,0,2.79E-06
C:\1jan2019pranitlenovo\data\mtechparul\final year dissertation\data\24oct19\phase2\training\IMG\salientimg26.jpg,0,0.1060575,0,0.02833944
C:\1jan2019pranitlenovo\data\mtechparul\final year dissertation\data\24oct19\phase2\training\IMG\salientimg27.jpg,0,0.3161763,0,0.2030403
C:\1jan2019pranitlenovo\data\mtechparul\final year dissertation\data\24oct19\phase2\training\IMG\salientimg28.jpg,0,0.5232486,0,0.6098
C:\1jan2019pranitlenovo\data\mtechparul\final year dissertation\data\24oct19\phase2\training\IMG\salientimg29.jpg,0,0.734739,0,1.065803
C:\1jan2019pranitlenovo\data\mtechparul\final year dissertation\data\24oct19\phase2\training\IMG\salientimg30.jpg,0,0.9411753,0,1.926471
C:\1jan2019pranitlenovo\data\mtechparul\final year dissertation\data\24oct19\phase2\training\IMG\salientimg31.jpg,0,1,0,2.633187
C:\1jan2019pranitlenovo\data\mtechparul\final year dissertation\data\24oct19\phase2\training\IMG\salientimg32.jpg,-0.1,1,0,3.33445
C:\1jan2019pranitlenovo\data\mtechparul\final year dissertation\data\24oct19\phase2\training\IMG\salientimg33.jpg,-0.3007755,1,0,4.49508
C:\1jan2019pranitlenovo\data\mtechparul\final year dissertation\data\24oct19\phase2\training\IMG\salientimg34.jpg,-0.09696425,0.9473308,0,5.183706
C:\1jan2019pranitlenovo\data\mtechparul\final year dissertation\data\24oct19\phase2\training\IMG\salientimg35.jpg,0,0.7916326,0,5.770858
C:\1jan2019pranitlenovo\data\mtechparul\final year dissertation\data\24oct19\phase2\training\IMG\salientimg36.jpg,0,0.5361339,0,6.331782
C:\1jan2019pranitlenovo\data\mtechparul\final year dissertation\data\24oct19\phase2\training\IMG\salientimg37.jpg,0,0.3310342,0,6.607794
C:\1jan2019pranitlenovo\data\mtechparul\final year dissertation\data\24oct19\phase2\training\IMG\salientimg38.jpg,0,0.1212649,0,6.760929
C:\1jan2019pranitlenovo\data\mtechparul\final year dissertation\data\24oct19\phase2\training\IMG\salientimg39.jpg,-0.1,0,0,6.744545
C:\1jan2019pranitlenovo\data\mtechparul\final year dissertation\data\24oct19\phase2\training\IMG\salientimg40.jpg,-0.3,0,0,6.672252
C:\1jan2019pranitlenovo\data\mtechparul\final year dissertation\data\24oct19\phase2\training\IMG\salientimg41.jpg,-0.2629653,0,0,6.622441
C:\1jan2019pranitlenovo\data\mtechparul\final year dissertation\data\24oct19\phase2\training\IMG\salientimg42.jpg,-0.05249068,0,0,6.569908
C:\1jan2019pranitlenovo\data\mtechparul\final year dissertation\data\24oct19\phase2\training\IMG\salientimg43.jpg,-0.05,0,0,6.527485
C:\1jan2019pranitlenovo\data\mtechparul\final year dissertation\data\24oct19\phase2\training\IMG\salientimg44.jpg,-0.25,0,0,6.465706
C:\1jan2019pranitlenovo\data\mtechparul\final year dissertation\data\24oct19\phase2\training\IMG\salientimg45.jpg,-0.3732027,0,0,6.408909
C:\1jan2019pranitlenovo\data\mtechparul\final year dissertation\data\24oct19\phase2\training\IMG\salientimg46.jpg,-0.1611339,0,0,6.358997
C:\1jan2019pranitlenovo\data\mtechparul\final year dissertation\data\24oct19\phase2\training\IMG\salientimg47.jpg,-0.1018061,0,0,6.319577
C:\1jan2019pranitlenovo\data\mtechparul\final year dissertation\data\24oct19\phase2\training\IMG\salientimg48.jpg,-0.3018061,0,0,6.259464
C:\1jan2019pranitlenovo\data\mtechparul\final year dissertation\data\24oct19\phase2\training\IMG\salientimg49.jpg,-0.4734606,0,0,6.198792
C:\1jan2019pranitlenovo\data\mtechparul\final year dissertation\data\24oct19\phase2\training\IMG\salientimg50.jpg,-0.2603076,0,0,6.150024
C:\1jan2019pranitlenovo\data\mtechparul\final year dissertation\data\24oct19\phase2\training\IMG\salientimg51.jpg,-0.4103077,0,0,6.108263
C:\1jan2019pranitlenovo\data\mtechparul\final year dissertation\data\24oct19\phase2\training\IMG\salientimg52.jpg,-0.6103077,0,0,6.027719
C:\1jan2019pranitlenovo\data\mtechparul\final year dissertation\data\24oct19\phase2\training\IMG\salientimg53.jpg,-0.6760824,0,0,5.943213
C:\1jan2019pranitlenovo\data\mtechparul\final year dissertation\data\24oct19\phase2\training\IMG\salientimg54.jpg,-0.5690355,0,0,5.915739
C:\1jan2019pranitlenovo\data\mtechparul\final year dissertation\data\24oct19\phase2\training\IMG\salientimg55.jpg,-0.7690355,0,0,5.840607
C:\1jan2019pranitlenovo\data\mtechparul\final year dissertation\data\24oct19\phase2\training\IMG\salientimg56.jpg,-0.840757,0,0,5.771146
C:\1jan2019pranitlenovo\data\mtechparul\final year dissertation\data\24oct19\phase2\training\IMG\salientimg57.jpg,-0.6813013,0,0,5.736128
C:\1jan2019pranitlenovo\data\mtechparul\final year dissertation\data\24oct19\phase2\training\IMG\salientimg58.jpg,-0.8813013,0,0,5.656616
C:\1jan2019pranitlenovo\data\mtechparul\final year dissertation\data\24oct19\phase2\training\IMG\salientimg59.jpg,-0.807375,0,0,5.607996
C:\1jan2019pranitlenovo\data\mtechparul\final year dissertation\data\24oct19\phase2\training\IMG\salientimg60.jpg,-0.6526704,0,0,5.585918
C:\1jan2019pranitlenovo\data\mtechparul\final year dissertation\data\24oct19\phase2\training\IMG\salientimg61.jpg,-0.7025809,0,0,5.541969
C:\1jan2019pranitlenovo\data\mtechparul\final year dissertation\data\24oct19\phase2\training\IMG\salientimg62.jpg,-0.6998752,0,0,5.462749
C:\1jan2019pranitlenovo\data\mtechparul\final year dissertation\data\24oct19\phase2\training\IMG\salientimg63.jpg,-0.4518879,0,0,5.435496
C:\1jan2019pranitlenovo\data\mtechparul\final year dissertation\data\24oct19\phase2\training\IMG\salientimg64.jpg,-0.5011267,0,0,5.405277
C:\1jan2019pranitlenovo\data\mtechparul\final year dissertation\data\24oct19\phase2\training\IMG\salientimg65.jpg,-0.6527197,0,0,5.338644
C:\1jan2019pranitlenovo\data\mtechparul\final year dissertation\data\24oct19\phase2\training\IMG\salientimg66.jpg,-0.4013877,0,0,5.30613
C:\1jan2019pranitlenovo\data\mtechparul\final year dissertation\data\24oct19\phase2\training\IMG\salientimg67.jpg,-0.3414689,0,0,5.279135
C:\1jan2019pranitlenovo\data\mtechparul\final year dissertation\data\24oct19\phase2\training\IMG\salientimg68.jpg,-0.541469,0,0,5.221122
C:\1jan2019pranitlenovo\data\mtechparul\final year dissertation\data\24oct19\phase2\training\IMG\salientimg69.jpg,-0.2927646,0,0,5.193987
C:\1jan2019pranitlenovo\data\mtechparul\final year dissertation\data\24oct19\phase2\training\IMG\salientimg70.jpg,-0.0875025,0,0,5.153254
C:\1jan2019pranitlenovo\data\mtechparul\final year dissertation\data\24oct19\phase2\training\IMG\salientimg71.jpg,-0.1,0,0,5.119248
C:\1jan2019pranitlenovo\data\mtechparul\final year dissertation\data\24oct19\phase2\training\IMG\salientimg72.jpg,-0.3,0,0,5.067712
C:\1jan2019pranitlenovo\data\mtechparul\final year dissertation\data\24oct19\phase2\training\IMG\salientimg73.jpg,-0.4207176,0,0,5.021642
C:\1jan2019pranitlenovo\data\mtechparul\final year dissertation\data\24oct19\phase2\training\IMG\salientimg74.jpg,-0.2665548,0,0,4.993196
C:\1jan2019pranitlenovo\data\mtechparul\final year dissertation\data\24oct19\phase2\training\IMG\salientimg75.jpg,-0.004602905,0,0,4.950399
C:\1jan2019pranitlenovo\data\mtechparul\final year dissertation\data\24oct19\phase2\training\IMG\salientimg76.jpg,0,0.0528282,0,4.929679
C:\1jan2019pranitlenovo\data\mtechparul\final year dissertation\data\24oct19\phase2\training\IMG\salientimg77.jpg,0,0.308517,0,5.104051
C:\1jan2019pranitlenovo\data\mtechparul\final year dissertation\data\24oct19\phase2\training\IMG\salientimg78.jpg,0,0.09933059,0,5.218178
C:\1jan2019pranitlenovo\data\mtechparul\final year dissertation\data\24oct19\phase2\training\IMG\salientimg79.jpg,0,0,0,5.192458
C:\1jan2019pranitlenovo\data\mtechparul\final year dissertation\data\24oct19\phase2\training\IMG\salientimg80.jpg,-0.05,0,0,5.160749
C:\1jan2019pranitlenovo\data\mtechparul\final year dissertation\data\24oct19\phase2\training\IMG\salientimg81.jpg,-0.25,0,0,5.108796
C:\1jan2019pranitlenovo\data\mtechparul\final year dissertation\data\24oct19\phase2\training\IMG\salientimg82.jpg,-0.3065352,0,0,5.054114
C:\1jan2019pranitlenovo\data\mtechparul\final year dissertation\data\24oct19\phase2\training\IMG\salientimg83.jpg,-0.10446,0,0,5.024972
C:\1jan2019pranitlenovo\data\mtechparul\final year dissertation\data\24oct19\phase2\training\IMG\salientimg84.jpg,-0.05,0,0,4.981211
C:\1jan2019pranitlenovo\data\mtechparul\final year dissertation\data\24oct19\phase2\training\IMG\salientimg85.jpg,-0.25,0,0,4.933103
C:\1jan2019pranitlenovo\data\mtechparul\final year dissertation\data\24oct19\phase2\training\IMG\salientimg86.jpg,-0.1481337,0,0,4.888643
C:\1jan2019pranitlenovo\data\mtechparul\final year dissertation\data\24oct19\phase2\training\IMG\salientimg87.jpg,0,0,0,4.845694
C:\1jan2019pranitlenovo\data\mtechparul\final year dissertation\data\24oct19\phase2\training\IMG\salientimg88.jpg,-0.15,0,0,4.801989
C:\1jan2019pranitlenovo\data\mtechparul\final year dissertation\data\24oct19\phase2\training\IMG\salientimg89.jpg,-0.339912,0,0,4.74583
C:\1jan2019pranitlenovo\data\mtechparul\final year dissertation\data\24oct19\phase2\training\IMG\salientimg90.jpg,-0.09250229,0,0,4.705902
C:\1jan2019pranitlenovo\data\mtechparul\final year dissertation\data\24oct19\phase2\training\IMG\salientimg91.jpg,-0.05,0,0,4.663686
C:\1jan2019pranitlenovo\data\mtechparul\final year dissertation\data\24oct19\phase2\training\IMG\salientimg92.jpg,-0.25,0,0,4.616045
C:\1jan2019pranitlenovo\data\mtechparul\final year dissertation\data\24oct19\phase2\training\IMG\salientimg93.jpg,-0.1024842,0,0,4.575824
C:\1jan2019pranitlenovo\data\mtechparul\final year dissertation\data\24oct19\phase2\training\IMG\salientimg94.jpg,0,0,0,4.525172
C:\1jan2019pranitlenovo\data\mtechparul\final year dissertation\data\24oct19\phase2\training\IMG\salientimg95.jpg,0,0,0,4.487092
C:\1jan2019pranitlenovo\data\mtechparul\final year dissertation\data\24oct19\phase2\training\IMG\salientimg96.jpg,0,0,0,4.449338
C:\1jan2019pranitlenovo\data\mtechparul\final year dissertation\data\24oct19\phase2\training\IMG\salientimg97.jpg,0,0.09973291,0,4.444473
C:\1jan2019pranitlenovo\data\mtechparul\final year dissertation\data\24oct19\phase2\training\IMG\salientimg98.jpg,0,0.05172061,0,4.519107
C:\1jan2019pranitlenovo\data\mtechparul\final year dissertation\data\24oct19\phase2\training\IMG\salientimg99.jpg,0,0,0,4.483933
C:\1jan2019pranitlenovo\data\mtechparul\final year dissertation\data\24oct19\phase2\training\IMG\salientimg100.jpg,0,0,0,4.447771
C:\1jan2019pranitlenovo\data\mtechparul\final year dissertation\data\24oct19\phase2\training\IMG\salientimg101.jpg,0,0.1438407,0,4.464388
C:\1jan2019pranitlenovo\data\mtechparul\final year dissertation\data\24oct19\phase2\training\IMG\salientimg102.jpg,0,0,0,4.528752
C:\1jan2019pranitlenovo\data\mtechparul\final year dissertation\data\24oct19\phase2\training\IMG\salientimg103.jpg,0,0,0,4.491591
C:\1jan2019pranitlenovo\data\mtechparul\final year dissertation\data\24oct19\phase2\training\IMG\salientimg104.jpg,0,0.1977327,0,4.530944
C:\1jan2019pranitlenovo\data\mtechparul\final year dissertation\data\24oct19\phase2\training\IMG\salientimg105.jpg,0,0.001254313,0,4.573648
C:\1jan2019pranitlenovo\data\mtechparul\final year dissertation\data\24oct19\phase2\training\IMG\salientimg106.jpg,0,0.0506835,0,4.545556
C:\1jan2019pranitlenovo\data\mtechparul\final year dissertation\data\24oct19\phase2\training\IMG\salientimg107.jpg,0,0.296244,0,4.701016
C:\1jan2019pranitlenovo\data\mtechparul\final year dissertation\data\24oct19\phase2\training\IMG\salientimg108.jpg,0,0.04736372,0,4.803691
C:\1jan2019pranitlenovo\data\mtechparul\final year dissertation\data\24oct19\phase2\training\IMG\salientimg109.jpg,0,0,0,4.765727
C:\1jan2019pranitlenovo\data\mtechparul\final year dissertation\data\24oct19\phase2\training\IMG\salientimg110.jpg,0,0,0,4.725891
C:\1jan2019pranitlenovo\data\mtechparul\final year dissertation\data\24oct19\phase2\training\IMG\salientimg111.jpg,0,0,0,4.686364
C:\1jan2019pranitlenovo\data\mtechparul\final year dissertation\data\24oct19\phase2\training\IMG\salientimg112.jpg,0,0.0971253,0,4.678527
C:\1jan2019pranitlenovo\data\mtechparul\final year dissertation\data\24oct19\phase2\training\IMG\salientimg113.jpg,0,0.149835,0,4.829798
C:\1jan2019pranitlenovo\data\mtechparul\final year dissertation\data\24oct19\phase2\training\IMG\salientimg114.jpg,0,0,0,4.800551
C:\1jan2019pranitlenovo\data\mtechparul\final year dissertation\data\24oct19\phase2\training\IMG\salientimg115.jpg,0,0,0,4.760656
C:\1jan2019pranitlenovo\data\mtechparul\final year dissertation\data\24oct19\phase2\training\IMG\salientimg116.jpg,0,0.0979401,0,4.752725
C:\1jan2019pranitlenovo\data\mtechparul\final year dissertation\data\24oct19\phase2\training\IMG\salientimg117.jpg,0,0,0,4.729422
C:\1jan2019pranitlenovo\data\mtechparul\final year dissertation\data\24oct19\phase2\training\IMG\salientimg118.jpg,0,0,0,4.700613
C:\1jan2019pranitlenovo\data\mtechparul\final year dissertation\data\24oct19\phase2\training\IMG\salientimg119.jpg,0,0,0,4.66247
C:\1jan2019pranitlenovo\data\mtechparul\final year dissertation\data\24oct19\phase2\training\IMG\salientimg120.jpg,0,0,0,4.624636
C:\1jan2019pranitlenovo\data\mtechparul\final year dissertation\data\24oct19\phase2\training\IMG\salientimg121.jpg,0,0,0,4.587106
C:\1jan2019pranitlenovo\data\mtechparul\final year dissertation\data\24oct19\phase2\training\IMG\salientimg122.jpg,0,0,0,4.540617
C:\1jan2019pranitlenovo\data\mtechparul\final year dissertation\data\24oct19\phase2\training\IMG\salientimg123.jpg,0,0,0,4.503761
C:\1jan2019pranitlenovo\data\mtechparul\final year dissertation\data\24oct19\phase2\training\IMG\salientimg124.jpg,0,0,0,4.476315
C:\1jan2019pranitlenovo\data\mtechparul\final year dissertation\data\24oct19\phase2\training\IMG\salientimg125.jpg,0,0,0,4.439976
C:\1jan2019pranitlenovo\data\mtechparul\final year dissertation\data\24oct19\phase2\training\IMG\salientimg126.jpg,0,0,0,4.403931
C:\1jan2019pranitlenovo\data\mtechparul\final year dissertation\data\24oct19\phase2\training\IMG\salientimg127.jpg,0.05,0,0,4.367898
C:\1jan2019pranitlenovo\data\mtechparul\final year dissertation\data\24oct19\phase2\training\IMG\salientimg128.jpg,0.25,0,0,4.32438
C:\1jan2019pranitlenovo\data\mtechparul\final year dissertation\data\24oct19\phase2\training\IMG\salientimg129.jpg,0.3873441,0,0,4.275121
C:\1jan2019pranitlenovo\data\mtechparul\final year dissertation\data\24oct19\phase2\training\IMG\salientimg130.jpg,0.09112048,0,0,4.235389
C:\1jan2019pranitlenovo\data\mtechparul\final year dissertation\data\24oct19\phase2\training\IMG\salientimg131.jpg,0,0,0,4.19796
C:\1jan2019pranitlenovo\data\mtechparul\final year dissertation\data\24oct19\phase2\training\IMG\salientimg132.jpg,0.15,0,0,4.170327
C:\1jan2019pranitlenovo\data\mtechparul\final year dissertation\data\24oct19\phase2\training\IMG\salientimg133.jpg,0.2958651,0,0,4.126915
C:\1jan2019pranitlenovo\data\mtechparul\final year dissertation\data\24oct19\phase2\training\IMG\salientimg134.jpg,0.05368887,0,0,4.094368
C:\1jan2019pranitlenovo\data\mtechparul\final year dissertation\data\24oct19\phase2\training\IMG\salientimg135.jpg,0,0,0,4.05913
C:\1jan2019pranitlenovo\data\mtechparul\final year dissertation\data\24oct19\phase2\training\IMG\salientimg136.jpg,0.2,0,0,4.022224
C:\1jan2019pranitlenovo\data\mtechparul\final year dissertation\data\24oct19\phase2\training\IMG\salientimg137.jpg,0.35,0,0,3.988262
C:\1jan2019pranitlenovo\data\mtechparul\final year dissertation\data\24oct19\phase2\training\IMG\salientimg138.jpg,0.1522133,0,0,3.956605
C:\1jan2019pranitlenovo\data\mtechparul\final year dissertation\data\24oct19\phase2\training\IMG\salientimg139.jpg,0.1546669,0,0,3.924072
C:\1jan2019pranitlenovo\data\mtechparul\final year dissertation\data\24oct19\phase2\training\IMG\salientimg140.jpg,0.3546669,0,0,3.883272
C:\1jan2019pranitlenovo\data\mtechparul\final year dissertation\data\24oct19\phase2\training\IMG\salientimg141.jpg,0.4947914,0,0,3.836797
C:\1jan2019pranitlenovo\data\mtechparul\final year dissertation\data\24oct19\phase2\training\IMG\salientimg142.jpg,0.2621897,0,0,3.811712
C:\1jan2019pranitlenovo\data\mtechparul\final year dissertation\data\24oct19\phase2\training\IMG\salientimg143.jpg,0.02203826,0,0,3.781266
C:\1jan2019pranitlenovo\data\mtechparul\final year dissertation\data\24oct19\phase2\training\IMG\salientimg144.jpg,0,0,0,3.749788
C:\1jan2019pranitlenovo\data\mtechparul\final year dissertation\data\24oct19\phase2\training\IMG\salientimg145.jpg,0,0,0,3.720185
C:\1jan2019pranitlenovo\data\mtechparul\final year dissertation\data\24oct19\phase2\training\IMG\salientimg146.jpg,0,0.1446138,0,3.732902
C:\1jan2019pranitlenovo\data\mtechparul\final year dissertation\data\24oct19\phase2\training\IMG\salientimg147.jpg,0,0.004636802,0,3.814395
C:\1jan2019pranitlenovo\data\mtechparul\final year dissertation\data\24oct19\phase2\training\IMG\salientimg148.jpg,0,0,0,3.783816
C:\1jan2019pranitlenovo\data\mtechparul\final year dissertation\data\24oct19\phase2\training\IMG\salientimg149.jpg,0,0.100212,0,3.787417
C:\1jan2019pranitlenovo\data\mtechparul\final year dissertation\data\24oct19\phase2\training\IMG\salientimg150.jpg,0,0.2037024,0,4.043567
C:\1jan2019pranitlenovo\data\mtechparul\final year dissertation\data\24oct19\phase2\training\IMG\salientimg151.jpg,0,0,0,4.062853
C:\1jan2019pranitlenovo\data\mtechparul\final year dissertation\data\24oct19\phase2\training\IMG\salientimg152.jpg,0,0.1012269,0,4.065004
C:\1jan2019pranitlenovo\data\mtechparul\final year dissertation\data\24oct19\phase2\training\IMG\salientimg153.jpg,0,0.1498509,0,4.225102
C:\1jan2019pranitlenovo\data\mtechparul\final year dissertation\data\24oct19\phase2\training\IMG\salientimg154.jpg,0,0,0,4.212064
C:\1jan2019pranitlenovo\data\mtechparul\final year dissertation\data\24oct19\phase2\training\IMG\salientimg155.jpg,0,0.0972642,0,4.211922
C:\1jan2019pranitlenovo\data\mtechparul\final year dissertation\data\24oct19\phase2\training\IMG\salientimg156.jpg,0,0.2025438,0,4.330588
C:\1jan2019pranitlenovo\data\mtechparul\final year dissertation\data\24oct19\phase2\training\IMG\salientimg157.jpg,0,0,0,4.370665
C:\1jan2019pranitlenovo\data\mtechparul\final year dissertation\data\24oct19\phase2\training\IMG\salientimg158.jpg,0,0,0,4.337375
C:\1jan2019pranitlenovo\data\mtechparul\final year dissertation\data\24oct19\phase2\training\IMG\salientimg159.jpg,0,0,0,4.304351
C:\1jan2019pranitlenovo\data\mtechparul\final year dissertation\data\24oct19\phase2\training\IMG\salientimg160.jpg,0,0,0,4.271588
C:\1jan2019pranitlenovo\data\mtechparul\final year dissertation\data\24oct19\phase2\training\IMG\salientimg161.jpg,0,0,0,4.239088
C:\1jan2019pranitlenovo\data\mtechparul\final year dissertation\data\24oct19\phase2\training\IMG\salientimg162.jpg,0,0,0,4.206382
C:\1jan2019pranitlenovo\data\mtechparul\final year dissertation\data\24oct19\phase2\training\IMG\salientimg163.jpg,0,0,0,4.173503
C:\1jan2019pranitlenovo\data\mtechparul\final year dissertation\data\24oct19\phase2\training\IMG\salientimg164.jpg,0,0,0,4.140891
C:\1jan2019pranitlenovo\data\mtechparul\final year dissertation\data\24oct19\phase2\training\IMG\salientimg165.jpg,0,0,0,4.107827
C:\1jan2019pranitlenovo\data\mtechparul\final year dissertation\data\24oct19\phase2\training\IMG\salientimg166.jpg,0,0,0,4.075039
C:\1jan2019pranitlenovo\data\mtechparul\final year dissertation\data\24oct19\phase2\training\IMG\salientimg167.jpg,0,0,0,4.042515
C:\1jan2019pranitlenovo\data\mtechparul\final year dissertation\data\24oct19\phase2\training\IMG\salientimg168.jpg,0,0,0,4.010253
C:\1jan2019pranitlenovo\data\mtechparul\final year dissertation\data\24oct19\phase2\training\IMG\salientimg169.jpg,0,0,0,3.97825
C:\1jan2019pranitlenovo\data\mtechparul\final year dissertation\data\24oct19\phase2\training\IMG\salientimg170.jpg,-0.1,0,0,3.945076
C:\1jan2019pranitlenovo\data\mtechparul\final year dissertation\data\24oct19\phase2\training\IMG\salientimg171.jpg,-0.1947711,0,0,3.91635
C:\1jan2019pranitlenovo\data\mtechparul\final year dissertation\data\24oct19\phase2\training\IMG\salientimg172.jpg,0,0,0,3.885686
C:\1jan2019pranitlenovo\data\mtechparul\final year dissertation\data\24oct19\phase2\training\IMG\salientimg173.jpg,0,0,0,3.855458
C:\1jan2019pranitlenovo\data\mtechparul\final year dissertation\data\24oct19\phase2\training\IMG\salientimg174.jpg,-0.15,0,0,3.822692
C:\1jan2019pranitlenovo\data\mtechparul\final year dissertation\data\24oct19\phase2\training\IMG\salientimg175.jpg,-0.170406,0,0,3.796383
C:\1jan2019pranitlenovo\data\mtechparul\final year dissertation\data\24oct19\phase2\training\IMG\salientimg176.jpg,0,0,0,3.766624
C:\1jan2019pranitlenovo\data\mtechparul\final year dissertation\data\24oct19\phase2\training\IMG\salientimg177.jpg,0,0,0,3.737375
C:\1jan2019pranitlenovo\data\mtechparul\final year dissertation\data\24oct19\phase2\training\IMG\salientimg178.jpg,0,0,0,3.708535
C:\1jan2019pranitlenovo\data\mtechparul\final year dissertation\data\24oct19\phase2\training\IMG\salientimg179.jpg,0,0,0,3.687055
C:\1jan2019pranitlenovo\data\mtechparul\final year dissertation\data\24oct19\phase2\training\IMG\salientimg180.jpg,0,0,0,3.658615
C:\1jan2019pranitlenovo\data\mtechparul\final year dissertation\data\24oct19\phase2\training\IMG\salientimg181.jpg,0,0,0,3.630406
C:\1jan2019pranitlenovo\data\mtechparul\final year dissertation\data\24oct19\phase2\training\IMG\salientimg182.jpg,0,0,0,3.602424
C:\1jan2019pranitlenovo\data\mtechparul\final year dissertation\data\24oct19\phase2\training\IMG\salientimg183.jpg,0,0,0,3.574669
C:\1jan2019pranitlenovo\data\mtechparul\final year dissertation\data\24oct19\phase2\training\IMG\salientimg184.jpg,0,0,0,3.546617
C:\1jan2019pranitlenovo\data\mtechparul\final year dissertation\data\24oct19\phase2\training\IMG\salientimg185.jpg,-0.15,0,0,3.515732
C:\1jan2019pranitlenovo\data\mtechparul\final year dissertation\data\24oct19\phase2\training\IMG\salientimg186.jpg,-0.1949544,0,0,3.482214
C:\1jan2019pranitlenovo\data\mtechparul\final year dissertation\data\24oct19\phase2\training\IMG\salientimg187.jpg,0,0,0,3.453016
C:\1jan2019pranitlenovo\data\mtechparul\final year dissertation\data\24oct19\phase2\training\IMG\salientimg188.jpg,-0.05,0,0,3.41797
C:\1jan2019pranitlenovo\data\mtechparul\final year dissertation\data\24oct19\phase2\training\IMG\salientimg189.jpg,-0.1530432,0,0,3.394191
C:\1jan2019pranitlenovo\data\mtechparul\final year dissertation\data\24oct19\phase2\training\IMG\salientimg190.jpg,0,0,0,3.365989
C:\1jan2019pranitlenovo\data\mtechparul\final year dissertation\data\24oct19\phase2\training\IMG\salientimg191.jpg,0,0.1442046,0,3.396487
C:\1jan2019pranitlenovo\data\mtechparul\final year dissertation\data\24oct19\phase2\training\IMG\salientimg192.jpg,0,0.3850038,0,3.645067
C:\1jan2019pranitlenovo\data\mtechparul\final year dissertation\data\24oct19\phase2\training\IMG\salientimg193.jpg,0,0.6250471,0,4.116705
C:\1jan2019pranitlenovo\data\mtechparul\final year dissertation\data\24oct19\phase2\training\IMG\salientimg194.jpg,0,0.7770622,0,4.612809
C:\1jan2019pranitlenovo\data\mtechparul\final year dissertation\data\24oct19\phase2\training\IMG\salientimg195.jpg,0,1,0,5.478014
C:\1jan2019pranitlenovo\data\mtechparul\final year dissertation\data\24oct19\phase2\training\IMG\salientimg196.jpg,0,0.8547622,0,6.338028
C:\1jan2019pranitlenovo\data\mtechparul\final year dissertation\data\24oct19\phase2\training\IMG\salientimg197.jpg,0,0.5600665,0,7.087177
C:\1jan2019pranitlenovo\data\mtechparul\final year dissertation\data\24oct19\phase2\training\IMG\salientimg198.jpg,-0.2,0.3141271,0,7.413937
C:\1jan2019pranitlenovo\data\mtechparul\final year dissertation\data\24oct19\phase2\training\IMG\salientimg199.jpg,-0.1918575,0.07246298,0,7.497958
C:\1jan2019pranitlenovo\data\mtechparul\final year dissertation\data\24oct19\phase2\training\IMG\salientimg200.jpg,0,0,0,7.439338
C:\1jan2019pranitlenovo\data\mtechparul\final year dissertation\data\24oct19\phase2\training\IMG\salientimg201.jpg,-0.05,0,0,7.378545
C:\1jan2019pranitlenovo\data\mtechparul\final year dissertation\data\24oct19\phase2\training\IMG\salientimg202.jpg,-0.25,0,0,7.306628
C:\1jan2019pranitlenovo\data\mtechparul\final year dissertation\data\24oct19\phase2\training\IMG\salientimg203.jpg,-0.04824932,0,0,7.245341
C:\1jan2019pranitlenovo\data\mtechparul\final year dissertation\data\24oct19\phase2\training\IMG\salientimg204.jpg,0,0,0,7.184587
C:\1jan2019pranitlenovo\data\mtechparul\final year dissertation\data\24oct19\phase2\training\IMG\salientimg205.jpg,-0.2,0,0,7.11973
C:\1jan2019pranitlenovo\data\mtechparul\final year dissertation\data\24oct19\phase2\training\IMG\salientimg206.jpg,-0.09504091,0,0,7.055533
C:\1jan2019pranitlenovo\data\mtechparul\final year dissertation\data\24oct19\phase2\training\IMG\salientimg207.jpg,0,0,0,7.010567
C:\1jan2019pranitlenovo\data\mtechparul\final year dissertation\data\24oct19\phase2\training\IMG\salientimg208.jpg,-0.2,0,0,6.948722
C:\1jan2019pranitlenovo\data\mtechparul\final year dissertation\data\24oct19\phase2\training\IMG\salientimg209.jpg,-0.0974763,0,0,6.872339
C:\1jan2019pranitlenovo\data\mtechparul\final year dissertation\data\24oct19\phase2\training\IMG\salientimg210.jpg,-0.05,0,0,6.813375
C:\1jan2019pranitlenovo\data\mtechparul\final year dissertation\data\24oct19\phase2\training\IMG\salientimg211.jpg,-0.25,0,0,6.748158
C:\1jan2019pranitlenovo\data\mtechparul\final year dissertation\data\24oct19\phase2\training\IMG\salientimg212.jpg,-0.1462263,0,0,6.687843
C:\1jan2019pranitlenovo\data\mtechparul\final year dissertation\data\24oct19\phase2\training\IMG\salientimg213.jpg,-0.05,0,0,6.632095
C:\1jan2019pranitlenovo\data\mtechparul\final year dissertation\data\24oct19\phase2\training\IMG\salientimg214.jpg,-0.2,0,0,6.587737
C:\1jan2019pranitlenovo\data\mtechparul\final year dissertation\data\24oct19\phase2\training\IMG\salientimg215.jpg,-0.1981038,0,0,6.509099
C:\1jan2019pranitlenovo\data\mtechparul\final year dissertation\data\24oct19\phase2\training\IMG\salientimg216.jpg,-0.05,0,0,6.453603
C:\1jan2019pranitlenovo\data\mtechparul\final year dissertation\data\24oct19\phase2\training\IMG\salientimg217.jpg,-0.2,0,0,6.410685
C:\1jan2019pranitlenovo\data\mtechparul\final year dissertation\data\24oct19\phase2\training\IMG\salientimg218.jpg,-0.35,0,0,6.356379
C:\1jan2019pranitlenovo\data\mtechparul\final year dissertation\data\24oct19\phase2\training\IMG\salientimg219.jpg,-0.1534095,0,0,6.30551
C:\1jan2019pranitlenovo\data\mtechparul\final year dissertation\data\24oct19\phase2\training\IMG\salientimg220.jpg,-0.1006469,0,0,6.266722
C:\1jan2019pranitlenovo\data\mtechparul\final year dissertation\data\24oct19\phase2\training\IMG\salientimg221.jpg,-0.3006469,0,0,6.206825
C:\1jan2019pranitlenovo\data\mtechparul\final year dissertation\data\24oct19\phase2\training\IMG\salientimg222.jpg,-0.5006469,0,0,6.127034
C:\1jan2019pranitlenovo\data\mtechparul\final year dissertation\data\24oct19\phase2\training\IMG\salientimg223.jpg,-0.700647,0,0,6.032246
C:\1jan2019pranitlenovo\data\mtechparul\final year dissertation\data\24oct19\phase2\training\IMG\salientimg224.jpg,-0.9495804,0,0,5.936316
C:\1jan2019pranitlenovo\data\mtechparul\final year dissertation\data\24oct19\phase2\training\IMG\salientimg225.jpg,-0.744859,0,0,5.8753
C:\1jan2019pranitlenovo\data\mtechparul\final year dissertation\data\24oct19\phase2\training\IMG\salientimg226.jpg,-0.4922257,0,0,5.84708
C:\1jan2019pranitlenovo\data\mtechparul\final year dissertation\data\24oct19\phase2\training\IMG\salientimg227.jpg,-0.4375053,0,0,5.819687
C:\1jan2019pranitlenovo\data\mtechparul\final year dissertation\data\24oct19\phase2\training\IMG\salientimg228.jpg,-0.6375053,0,0,5.753969
C:\1jan2019pranitlenovo\data\mtechparul\final year dissertation\data\24oct19\phase2\training\IMG\salientimg229.jpg,-0.7059858,0,0,5.693051
C:\1jan2019pranitlenovo\data\mtechparul\final year dissertation\data\24oct19\phase2\training\IMG\salientimg230.jpg,-0.5000542,0,0,5.656645
C:\1jan2019pranitlenovo\data\mtechparul\final year dissertation\data\24oct19\phase2\training\IMG\salientimg231.jpg,-0.2896672,0,0,5.630419
C:\1jan2019pranitlenovo\data\mtechparul\final year dissertation\data\24oct19\phase2\training\IMG\salientimg232.jpg,-0.4896672,0,0,5.578701
C:\1jan2019pranitlenovo\data\mtechparul\final year dissertation\data\24oct19\phase2\training\IMG\salientimg233.jpg,-0.6396673,0,0,5.521015
C:\1jan2019pranitlenovo\data\mtechparul\final year dissertation\data\24oct19\phase2\training\IMG\salientimg234.jpg,-0.4818695,0,0,5.474861
C:\1jan2019pranitlenovo\data\mtechparul\final year dissertation\data\24oct19\phase2\training\IMG\salientimg235.jpg,-0.2812739,0,0,5.449123
C:\1jan2019pranitlenovo\data\mtechparul\final year dissertation\data\24oct19\phase2\training\IMG\salientimg236.jpg,-0.0805658,0,0,5.416109
C:\1jan2019pranitlenovo\data\mtechparul\final year dissertation\data\24oct19\phase2\training\IMG\salientimg237.jpg,-0.1,0,0,5.368421
C:\1jan2019pranitlenovo\data\mtechparul\final year dissertation\data\24oct19\phase2\training\IMG\salientimg238.jpg,-0.25,0,0,5.329053
C:\1jan2019pranitlenovo\data\mtechparul\final year dissertation\data\24oct19\phase2\training\IMG\salientimg239.jpg,-0.3176211,0,0,5.271791
C:\1jan2019pranitlenovo\data\mtechparul\final year dissertation\data\24oct19\phase2\training\IMG\salientimg240.jpg,-0.1163079,0,0,5.241767
C:\1jan2019pranitlenovo\data\mtechparul\final year dissertation\data\24oct19\phase2\training\IMG\salientimg241.jpg,0,0,0,5.207415
C:\1jan2019pranitlenovo\data\mtechparul\final year dissertation\data\24oct19\phase2\training\IMG\salientimg242.jpg,0,0,0,5.164967
C:\1jan2019pranitlenovo\data\mtechparul\final year dissertation\data\24oct19\phase2\training\IMG\salientimg243.jpg,0,0,0,5.133786
C:\1jan2019pranitlenovo\data\mtechparul\final year dissertation\data\24oct19\phase2\training\IMG\salientimg244.jpg,0,0.1516782,0,5.160184
C:\1jan2019pranitlenovo\data\mtechparul\final year dissertation\data\24oct19\phase2\training\IMG\salientimg245.jpg,0,0.3020286,0,5.405455
C:\1jan2019pranitlenovo\data\mtechparul\final year dissertation\data\24oct19\phase2\training\IMG\salientimg246.jpg,0,0.09787443,0,5.503605
C:\1jan2019pranitlenovo\data\mtechparul\final year dissertation\data\24oct19\phase2\training\IMG\salientimg247.jpg,0,0,0,5.487085
C:\1jan2019pranitlenovo\data\mtechparul\final year dissertation\data\24oct19\phase2\training\IMG\salientimg248.jpg,0,0,0,5.442994
C:\1jan2019pranitlenovo\data\mtechparul\final year dissertation\data\24oct19\phase2\training\IMG\salientimg249.jpg,0,0,0,5.410158
C:\1jan2019pranitlenovo\data\mtechparul\final year dissertation\data\24oct19\phase2\training\IMG\salientimg250.jpg,0.1,0,0,5.365004
C:\1jan2019pranitlenovo\data\mtechparul\final year dissertation\data\24oct19\phase2\training\IMG\salientimg251.jpg,0.25,0,0,5.322982
C:\1jan2019pranitlenovo\data\mtechparul\final year dissertation\data\24oct19\phase2\training\IMG\salientimg252.jpg,0.2538096,0,0,5.282762
C:\1jan2019pranitlenovo\data\mtechparul\final year dissertation\data\24oct19\phase2\training\IMG\salientimg253.jpg,0.002267733,0,0,5.238898
C:\1jan2019pranitlenovo\data\mtechparul\final year dissertation\data\24oct19\phase2\training\IMG\salientimg254.jpg,0,0,0,5.206296
C:\1jan2019pranitlenovo\data\mtechparul\final year dissertation\data\24oct19\phase2\training\IMG\salientimg255.jpg,0,0,0,5.164374
C:\1jan2019pranitlenovo\data\mtechparul\final year dissertation\data\24oct19\phase2\training\IMG\salientimg256.jpg,0,0,0,5.133215
C:\1jan2019pranitlenovo\data\mtechparul\final year dissertation\data\24oct19\phase2\training\IMG\salientimg257.jpg,0,0,0,5.102247
C:\1jan2019pranitlenovo\data\mtechparul\final year dissertation\data\24oct19\phase2\training\IMG\salientimg258.jpg,0,0,0,5.061247
C:\1jan2019pranitlenovo\data\mtechparul\final year dissertation\data\24oct19\phase2\training\IMG\salientimg259.jpg,0,0,0,5.030713
C:\1jan2019pranitlenovo\data\mtechparul\final year dissertation\data\24oct19\phase2\training\IMG\salientimg260.jpg,0,0.1540896,0,5.05843
C:\1jan2019pranitlenovo\data\mtechparul\final year dissertation\data\24oct19\phase2\training\IMG\salientimg261.jpg,0,0.3586863,0,5.242927
C:\1jan2019pranitlenovo\data\mtechparul\final year dissertation\data\24oct19\phase2\training\IMG\salientimg262.jpg,0,0.3038043,0,5.472657
C:\1jan2019pranitlenovo\data\mtechparul\final year dissertation\data\24oct19\phase2\training\IMG\salientimg263.jpg,0,0.05278556,0,5.566708
C:\1jan2019pranitlenovo\data\mtechparul\final year dissertation\data\24oct19\phase2\training\IMG\salientimg264.jpg,0,0,0,5.53592
C:\1jan2019pranitlenovo\data\mtechparul\final year dissertation\data\24oct19\phase2\training\IMG\salientimg265.jpg,0,0.2043366,0,5.605493
C:\1jan2019pranitlenovo\data\mtechparul\final year dissertation\data\24oct19\phase2\training\IMG\salientimg266.jpg,0,0.1028448,0,5.688418
C:\1jan2019pranitlenovo\data\mtechparul\final year dissertation\data\24oct19\phase2\training\IMG\salientimg267.jpg,0,0,0,5.672421
C:\1jan2019pranitlenovo\data\mtechparul\final year dissertation\data\24oct19\phase2\training\IMG\salientimg268.jpg,0,0.052479,0,5.636825
C:\1jan2019pranitlenovo\data\mtechparul\final year dissertation\data\24oct19\phase2\training\IMG\salientimg269.jpg,0,0.05793299,0,5.680493
C:\1jan2019pranitlenovo\data\mtechparul\final year dissertation\data\24oct19\phase2\training\IMG\salientimg270.jpg,0,0,0,5.63962
C:\1jan2019pranitlenovo\data\mtechparul\final year dissertation\data\24oct19\phase2\training\IMG\salientimg271.jpg,-0.15,0,0,5.601506
C:\1jan2019pranitlenovo\data\mtechparul\final year dissertation\data\24oct19\phase2\training\IMG\salientimg272.jpg,-0.35,0,0,5.537574
C:\1jan2019pranitlenovo\data\mtechparul\final year dissertation\data\24oct19\phase2\training\IMG\salientimg273.jpg,-0.3130605,0,0,5.494956
C:\1jan2019pranitlenovo\data\mtechparul\final year dissertation\data\24oct19\phase2\training\IMG\salientimg274.jpg,-0.1612767,0,0,5.464541
C:\1jan2019pranitlenovo\data\mtechparul\final year dissertation\data\24oct19\phase2\training\IMG\salientimg275.jpg,-0.05,0,0,5.415815
C:\1jan2019pranitlenovo\data\mtechparul\final year dissertation\data\24oct19\phase2\training\IMG\salientimg276.jpg,-0.2,0,0,5.378871
C:\1jan2019pranitlenovo\data\mtechparul\final year dissertation\data\24oct19\phase2\training\IMG\salientimg277.jpg,-0.2540196,0,0,5.324504
C:\1jan2019pranitlenovo\data\mtechparul\final year dissertation\data\24oct19\phase2\training\IMG\salientimg278.jpg,-0.05236558,0,0,5.291955
C:\1jan2019pranitlenovo\data\mtechparul\final year dissertation\data\24oct19\phase2\training\IMG\salientimg279.jpg,0,0,0,5.246747
C:\1jan2019pranitlenovo\data\mtechparul\final year dissertation\data\24oct19\phase2\training\IMG\salientimg280.jpg,-0.1,0,0,5.213799
C:\1jan2019pranitlenovo\data\mtechparul\final year dissertation\data\24oct19\phase2\training\IMG\salientimg281.jpg,-0.25,0,0,5.173426
C:\1jan2019pranitlenovo\data\mtechparul\final year dissertation\data\24oct19\phase2\training\IMG\salientimg282.jpg,-0.1026714,0,0,5.130059
C:\1jan2019pranitlenovo\data\mtechparul\final year dissertation\data\24oct19\phase2\training\IMG\salientimg283.jpg,0,0,0,5.097002
C:\1jan2019pranitlenovo\data\mtechparul\final year dissertation\data\24oct19\phase2\training\IMG\salientimg284.jpg,0,0,0,5.055711
C:\1jan2019pranitlenovo\data\mtechparul\final year dissertation\data\24oct19\phase2\training\IMG\salientimg285.jpg,0,0,0,5.025199
C:\1jan2019pranitlenovo\data\mtechparul\final year dissertation\data\24oct19\phase2\training\IMG\salientimg286.jpg,-0.05,0,0,4.994505
C:\1jan2019pranitlenovo\data\mtechparul\final year dissertation\data\24oct19\phase2\training\IMG\salientimg287.jpg,-0.25,0,0,4.944183
C:\1jan2019pranitlenovo\data\mtechparul\final year dissertation\data\24oct19\phase2\training\IMG\salientimg288.jpg,-0.05933822,0,0,4.901517
C:\1jan2019pranitlenovo\data\mtechparul\final year dissertation\data\24oct19\phase2\training\IMG\salientimg289.jpg,0,0,0,4.870152
C:\1jan2019pranitlenovo\data\mtechparul\final year dissertation\data\24oct19\phase2\training\IMG\salientimg290.jpg,-0.15,0,0,4.828032
C:\1jan2019pranitlenovo\data\mtechparul\final year dissertation\data\24oct19\phase2\training\IMG\salientimg291.jpg,-0.1555875,0,0,4.79277
C:\1jan2019pranitlenovo\data\mtechparul\final year dissertation\data\24oct19\phase2\training\IMG\salientimg292.jpg,0,0,0,4.752942
C:\1jan2019pranitlenovo\data\mtechparul\final year dissertation\data\24oct19\phase2\training\IMG\salientimg293.jpg,0,0,0,4.724014
C:\1jan2019pranitlenovo\data\mtechparul\final year dissertation\data\24oct19\phase2\training\IMG\salientimg294.jpg,0,0,0,4.686033
C:\1jan2019pranitlenovo\data\mtechparul\final year dissertation\data\24oct19\phase2\training\IMG\salientimg295.jpg,0,0,0,4.657762
C:\1jan2019pranitlenovo\data\mtechparul\final year dissertation\data\24oct19\phase2\training\IMG\salientimg296.jpg,0,0.2532525,0,4.781339
C:\1jan2019pranitlenovo\data\mtechparul\final year dissertation\data\24oct19\phase2\training\IMG\salientimg297.jpg,0,0.5004309,0,5.122577
C:\1jan2019pranitlenovo\data\mtechparul\final year dissertation\data\24oct19\phase2\training\IMG\salientimg298.jpg,0,0.7513251,0,5.700198
C:\1jan2019pranitlenovo\data\mtechparul\final year dissertation\data\24oct19\phase2\training\IMG\salientimg299.jpg,0,0.9516696,0,6.491656
C:\1jan2019pranitlenovo\data\mtechparul\final year dissertation\data\24oct19\phase2\training\IMG\salientimg300.jpg,0,0.8507188,0,7.112972
C:\1jan2019pranitlenovo\data\mtechparul\final year dissertation\data\24oct19\phase2\training\IMG\salientimg301.jpg,-0.05,0.6459883,0,7.603437
C:\1jan2019pranitlenovo\data\mtechparul\final year dissertation\data\24oct19\phase2\training\IMG\salientimg302.jpg,-0.25,0.4429924,0,8.044441
C:\1jan2019pranitlenovo\data\mtechparul\final year dissertation\data\24oct19\phase2\training\IMG\salientimg303.jpg,-0.2588499,0.2409514,0,8.207714
C:\1jan2019pranitlenovo\data\mtechparul\final year dissertation\data\24oct19\phase2\training\IMG\salientimg304.jpg,-0.1079799,0.09008145,0,8.272526
C:\1jan2019pranitlenovo\data\mtechparul\final year dissertation\data\24oct19\phase2\training\IMG\salientimg305.jpg,0,0,0,8.206504
C:\1jan2019pranitlenovo\data\mtechparul\final year dissertation\data\24oct19\phase2\training\IMG\salientimg306.jpg,-0.15,0,0,8.15414
C:\1jan2019pranitlenovo\data\mtechparul\final year dissertation\data\24oct19\phase2\training\IMG\salientimg307.jpg,-0.2073522,0,0,8.074997
C:\1jan2019pranitlenovo\data\mtechparul\final year dissertation\data\24oct19\phase2\training\IMG\salientimg308.jpg,-0.004653297,0,0,8.024588
C:\1jan2019pranitlenovo\data\mtechparul\final year dissertation\data\24oct19\phase2\training\IMG\salientimg309.jpg,0,0,0,7.958127
C:\1jan2019pranitlenovo\data\mtechparul\final year dissertation\data\24oct19\phase2\training\IMG\salientimg310.jpg,-0.1,0,0,7.892466
C:\1jan2019pranitlenovo\data\mtechparul\final year dissertation\data\24oct19\phase2\training\IMG\salientimg311.jpg,-0.2463891,0,0,7.812876
C:\1jan2019pranitlenovo\data\mtechparul\final year dissertation\data\24oct19\phase2\training\IMG\salientimg312.jpg,0,0,0,7.747746
C:\1jan2019pranitlenovo\data\mtechparul\final year dissertation\data\24oct19\phase2\training\IMG\salientimg313.jpg,0,0,0,7.699528
C:\1jan2019pranitlenovo\data\mtechparul\final year dissertation\data\24oct19\phase2\training\IMG\salientimg314.jpg,-0.05,0,0,7.637146
C:\1jan2019pranitlenovo\data\mtechparul\final year dissertation\data\24oct19\phase2\training\IMG\salientimg315.jpg,0,0,0,7.589448
C:\1jan2019pranitlenovo\data\mtechparul\final year dissertation\data\24oct19\phase2\training\IMG\salientimg316.jpg,0,0,0,7.528347
C:\1jan2019pranitlenovo\data\mtechparul\final year dissertation\data\24oct19\phase2\training\IMG\salientimg317.jpg,0,0,0,7.482915
C:\1jan2019pranitlenovo\data\mtechparul\final year dissertation\data\24oct19\phase2\training\IMG\salientimg318.jpg,0,0,0,7.437766
C:\1jan2019pranitlenovo\data\mtechparul\final year dissertation\data\24oct19\phase2\training\IMG\salientimg319.jpg,-0.15,0,0,7.373119
C:\1jan2019pranitlenovo\data\mtechparul\final year dissertation\data\24oct19\phase2\training\IMG\salientimg320.jpg,-0.3,0,0,7.311873
C:\1jan2019pranitlenovo\data\mtechparul\final year dissertation\data\24oct19\phase2\training\IMG\salientimg321.jpg,-0.3051996,0,0,7.253461
C:\1jan2019pranitlenovo\data\mtechparul\final year dissertation\data\24oct19\phase2\training\IMG\salientimg322.jpg,-0.05022717,0,0,7.195539
C:\1jan2019pranitlenovo\data\mtechparul\final year dissertation\data\24oct19\phase2\training\IMG\salientimg323.jpg,-0.05,0,0,7.148921
C:\1jan2019pranitlenovo\data\mtechparul\final year dissertation\data\24oct19\phase2\training\IMG\salientimg324.jpg,-0.25,0,0,7.081819
C:\1jan2019pranitlenovo\data\mtechparul\final year dissertation\data\24oct19\phase2\training\IMG\salientimg325.jpg,-0.1523931,0,0,7.018631
C:\1jan2019pranitlenovo\data\mtechparul\final year dissertation\data\24oct19\phase2\training\IMG\salientimg326.jpg,0,0,0,6.972569
C:\1jan2019pranitlenovo\data\mtechparul\final year dissertation\data\24oct19\phase2\training\IMG\salientimg327.jpg,0,0,0,6.915382
C:\1jan2019pranitlenovo\data\mtechparul\final year dissertation\data\24oct19\phase2\training\IMG\salientimg328.jpg,0,0,0,6.873589
C:\1jan2019pranitlenovo\data\mtechparul\final year dissertation\data\24oct19\phase2\training\IMG\salientimg329.jpg,0,0,0,6.832108
C:\1jan2019pranitlenovo\data\mtechparul\final year dissertation\data\24oct19\phase2\training\IMG\salientimg330.jpg,-0.2,0,0,6.768719
C:\1jan2019pranitlenovo\data\mtechparul\final year dissertation\data\24oct19\phase2\training\IMG\salientimg331.jpg,-0.2089872,0,0,6.71863
C:\1jan2019pranitlenovo\data\mtechparul\final year dissertation\data\24oct19\phase2\training\IMG\salientimg332.jpg,-0.05673087,0,0,6.678499
C:\1jan2019pranitlenovo\data\mtechparul\final year dissertation\data\24oct19\phase2\training\IMG\salientimg333.jpg,-0.1,0,0,6.622063
C:\1jan2019pranitlenovo\data\mtechparul\final year dissertation\data\24oct19\phase2\training\IMG\salientimg334.jpg,-0.3,0,0,6.553998
C:\1jan2019pranitlenovo\data\mtechparul\final year dissertation\data\24oct19\phase2\training\IMG\salientimg335.jpg,-0.45,0,0,6.490926
C:\1jan2019pranitlenovo\data\mtechparul\final year dissertation\data\24oct19\phase2\training\IMG\salientimg336.jpg,-0.4500628,0,0,6.415476
C:\1jan2019pranitlenovo\data\mtechparul\final year dissertation\data\24oct19\phase2\training\IMG\salientimg337.jpg,-0.1977288,0,0,6.371131
C:\1jan2019pranitlenovo\data\mtechparul\final year dissertation\data\24oct19\phase2\training\IMG\salientimg338.jpg,0,0,0,6.31421
C:\1jan2019pranitlenovo\data\mtechparul\final year dissertation\data\24oct19\phase2\training\IMG\salientimg339.jpg,-0.15,0,0,6.274508
C:\1jan2019pranitlenovo\data\mtechparul\final year dissertation\data\24oct19\phase2\training\IMG\salientimg340.jpg,-0.4,0,0,6.186156
C:\1jan2019pranitlenovo\data\mtechparul\final year dissertation\data\24oct19\phase2\training\IMG\salientimg341.jpg,-0.2055735,0,0,6.137279
C:\1jan2019pranitlenovo\data\mtechparul\final year dissertation\data\24oct19\phase2\training\IMG\salientimg342.jpg,-0.1044287,0,0,6.099132
C:\1jan2019pranitlenovo\data\mtechparul\final year dissertation\data\24oct19\phase2\training\IMG\salientimg343.jpg,-0.3044287,0,0,6.041904
C:\1jan2019pranitlenovo\data\mtechparul\final year dissertation\data\24oct19\phase2\training\IMG\salientimg344.jpg,-0.3476535,0,0,5.977376
C:\1jan2019pranitlenovo\data\mtechparul\final year dissertation\data\24oct19\phase2\training\IMG\salientimg345.jpg,-0.1472235,0,0,5.943649
C:\1jan2019pranitlenovo\data\mtechparul\final year dissertation\data\24oct19\phase2\training\IMG\salientimg346.jpg,0,0,0,5.904256
C:\1jan2019pranitlenovo\data\mtechparul\final year dissertation\data\24oct19\phase2\training\IMG\salientimg347.jpg,-0.1,0,0,5.842644
C:\1jan2019pranitlenovo\data\mtechparul\final year dissertation\data\24oct19\phase2\training\IMG\salientimg348.jpg,-0.3,0,0,5.781018
C:\1jan2019pranitlenovo\data\mtechparul\final year dissertation\data\24oct19\phase2\training\IMG\salientimg349.jpg,-0.4029789,0,0,5.711627
C:\1jan2019pranitlenovo\data\mtechparul\final year dissertation\data\24oct19\phase2\training\IMG\salientimg350.jpg,-0.2014719,0,0,5.680055
C:\1jan2019pranitlenovo\data\mtechparul\final year dissertation\data\24oct19\phase2\training\IMG\salientimg351.jpg,-0.2001043,0,0,5.634046
C:\1jan2019pranitlenovo\data\mtechparul\final year dissertation\data\24oct19\phase2\training\IMG\salientimg352.jpg,-0.4001043,0,0,5.573392
C:\1jan2019pranitlenovo\data\mtechparul\final year dissertation\data\24oct19\phase2\training\IMG\salientimg353.jpg,-0.2036226,0,0,5.528316
C:\1jan2019pranitlenovo\data\mtechparul\final year dissertation\data\24oct19\phase2\training\IMG\salientimg354.jpg,0,0,0,5.480184
C:\1jan2019pranitlenovo\data\mtechparul\final year dissertation\data\24oct19\phase2\training\IMG\salientimg355.jpg,0,0,0,5.435203
C:\1jan2019pranitlenovo\data\mtechparul\final year dissertation\data\24oct19\phase2\training\IMG\salientimg356.jpg,0,0,0,5.391487
C:\1jan2019pranitlenovo\data\mtechparul\final year dissertation\data\24oct19\phase2\training\IMG\salientimg357.jpg,0,0,0,5.358956
C:\1jan2019pranitlenovo\data\mtechparul\final year dissertation\data\24oct19\phase2\training\IMG\salientimg358.jpg,0,0,0,5.326625
C:\1jan2019pranitlenovo\data\mtechparul\final year dissertation\data\24oct19\phase2\training\IMG\salientimg359.jpg,0,0,0,5.28382
C:\1jan2019pranitlenovo\data\mtechparul\final year dissertation\data\24oct19\phase2\training\IMG\salientimg360.jpg,0,0.1985088,0,5.340473
C:\1jan2019pranitlenovo\data\mtechparul\final year dissertation\data\24oct19\phase2\training\IMG\salientimg361.jpg,0,0.2937876,0,5.508667
C:\1jan2019pranitlenovo\data\mtechparul\final year dissertation\data\24oct19\phase2\training\IMG\salientimg362.jpg,0,0.09630122,0,5.639904
C:\1jan2019pranitlenovo\data\mtechparul\final year dissertation\data\24oct19\phase2\training\IMG\salientimg363.jpg,0,0,0,5.599598
C:\1jan2019pranitlenovo\data\mtechparul\final year dissertation\data\24oct19\phase2\training\IMG\salientimg364.jpg,0,0.1458714,0,5.618057
C:\1jan2019pranitlenovo\data\mtechparul\final year dissertation\data\24oct19\phase2\training\IMG\salientimg365.jpg,0,0.3944121,0,5.847665
C:\1jan2019pranitlenovo\data\mtechparul\final year dissertation\data\24oct19\phase2\training\IMG\salientimg366.jpg,0,0.54647,0,6.16518
C:\1jan2019pranitlenovo\data\mtechparul\final year dissertation\data\24oct19\phase2\training\IMG\salientimg367.jpg,0,0.7942938,0,6.797428
C:\1jan2019pranitlenovo\data\mtechparul\final year dissertation\data\24oct19\phase2\training\IMG\salientimg368.jpg,0,1,0,7.654331
C:\1jan2019pranitlenovo\data\mtechparul\final year dissertation\data\24oct19\phase2\training\IMG\salientimg369.jpg,0,1,0,8.559478
C:\1jan2019pranitlenovo\data\mtechparul\final year dissertation\data\24oct19\phase2\training\IMG\salientimg370.jpg,0,1,0,8.304378
C:\1jan2019pranitlenovo\data\mtechparul\final year dissertation\data\24oct19\phase2\training\IMG\salientimg371.jpg,0,1,0,8.523715
C:\1jan2019pranitlenovo\data\mtechparul\final year dissertation\data\24oct19\phase2\training\IMG\salientimg372.jpg,0,1,0,8.325367
C:\1jan2019pranitlenovo\data\mtechparul\final year dissertation\data\24oct19\phase2\training\IMG\salientimg373.jpg,0,1,0,9.00239
C:\1jan2019pranitlenovo\data\mtechparul\final year dissertation\data\24oct19\phase2\training\IMG\salientimg374.jpg,0,1,0,10.56985
C:\1jan2019pranitlenovo\data\mtechparul\final year dissertation\data\24oct19\phase2\training\IMG\salientimg375.jpg,0,1,0,11.38007
C:\1jan2019pranitlenovo\data\mtechparul\final year dissertation\data\24oct19\phase2\training\IMG\salientimg376.jpg,0,1,0,12.11522
C:\1jan2019pranitlenovo\data\mtechparul\final year dissertation\data\24oct19\phase2\training\IMG\salientimg377.jpg,0,0.7536748,0,13.08925
C:\1jan2019pranitlenovo\data\mtechparul\final year dissertation\data\24oct19\phase2\training\IMG\salientimg378.jpg,0,0.5508034,0,13.52503
C:\1jan2019pranitlenovo\data\mtechparul\final year dissertation\data\24oct19\phase2\training\IMG\salientimg379.jpg,0,0.3008178,0,13.1328
C:\1jan2019pranitlenovo\data\mtechparul\final year dissertation\data\24oct19\phase2\training\IMG\salientimg380.jpg,0,0.09720095,0,12.3374
C:\1jan2019pranitlenovo\data\mtechparul\final year dissertation\data\24oct19\phase2\training\IMG\salientimg381.jpg,0,0,0,12.61496
C:\1jan2019pranitlenovo\data\mtechparul\final year dissertation\data\24oct19\phase2\training\IMG\salientimg382.jpg,0,0,0,12.03716
C:\1jan2019pranitlenovo\data\mtechparul\final year dissertation\data\24oct19\phase2\training\IMG\salientimg383.jpg,-0.2,0,0,12.06991
C:\1jan2019pranitlenovo\data\mtechparul\final year dissertation\data\24oct19\phase2\training\IMG\salientimg384.jpg,-0.35,0,0,11.9016
C:\1jan2019pranitlenovo\data\mtechparul\final year dissertation\data\24oct19\phase2\training\IMG\salientimg385.jpg,-0.2951676,0,0,11.86724
C:\1jan2019pranitlenovo\data\mtechparul\final year dissertation\data\24oct19\phase2\training\IMG\salientimg386.jpg,-0.08637868,0,0,11.79838
C:\1jan2019pranitlenovo\data\mtechparul\final year dissertation\data\24oct19\phase2\training\IMG\salientimg387.jpg,0,0,0,11.61749
C:\1jan2019pranitlenovo\data\mtechparul\final year dissertation\data\24oct19\phase2\training\IMG\salientimg388.jpg,0,0,0,11.6305
C:\1jan2019pranitlenovo\data\mtechparul\final year dissertation\data\24oct19\phase2\training\IMG\salientimg389.jpg,-0.05,0,0,11.38618
C:\1jan2019pranitlenovo\data\mtechparul\final year dissertation\data\24oct19\phase2\training\IMG\salientimg390.jpg,-0.2,0,0,11.51206
C:\1jan2019pranitlenovo\data\mtechparul\final year dissertation\data\24oct19\phase2\training\IMG\salientimg391.jpg,-0.1502259,0,0,11.29735
C:\1jan2019pranitlenovo\data\mtechparul\final year dissertation\data\24oct19\phase2\training\IMG\salientimg392.jpg,0,0,0,11.34666
C:\1jan2019pranitlenovo\data\mtechparul\final year dissertation\data\24oct19\phase2\training\IMG\salientimg393.jpg,0,0,0,11.13838
C:\1jan2019pranitlenovo\data\mtechparul\final year dissertation\data\24oct19\phase2\training\IMG\salientimg394.jpg,-0.05,0,0,11.04829
C:\1jan2019pranitlenovo\data\mtechparul\final year dissertation\data\24oct19\phase2\training\IMG\salientimg395.jpg,-0.25,0,0,10.94184
C:\1jan2019pranitlenovo\data\mtechparul\final year dissertation\data\24oct19\phase2\training\IMG\salientimg396.jpg,-0.1977867,0,0,10.85928
C:\1jan2019pranitlenovo\data\mtechparul\final year dissertation\data\24oct19\phase2\training\IMG\salientimg397.jpg,0,0,0,10.77008
C:\1jan2019pranitlenovo\data\mtechparul\final year dissertation\data\24oct19\phase2\training\IMG\salientimg398.jpg,0,0,0,10.70266
C:\1jan2019pranitlenovo\data\mtechparul\final year dissertation\data\24oct19\phase2\training\IMG\salientimg399.jpg,-0.2,0,0,10.6089
